{
  "mixamorig:Hips": {
    "length": 7.305107,
    "head": [
      1e-05,
      0.008545,
      0.697715
    ],
    "tail": [
      1e-05,
      0.008545,
      0.770766
    ],
    "parent": null
  },
  "mixamorig:Spine": {
    "length": 14.125822,
    "head": [
      1e-05,
      0.011288,
      0.737339
    ],
    "tail": [
      1e-05,
      0.017131,
      0.878476
    ],
    "parent": "mixamorig:Hips"
  },
  "mixamorig:Spine1": {
    "length": 11.405027,
    "head": [
      1e-05,
      0.014488,
      0.878561
    ],
    "tail": [
      1e-05,
      0.019206,
      0.992513
    ],
    "parent": "mixamorig:Spine"
  },
  "mixamorig:Spine2": {
    "length": 9.882017,
    "head": [
      1e-05,
      0.018146,
      0.992552
    ],
    "tail": [
      1e-05,
      0.022233,
      1.091288
    ],
    "parent": "mixamorig:Spine1"
  },
  "mixamorig:Neck": {
    "length": 8.579873,
    "head": [
      1e-05,
      0.02226,
      1.091934
    ],
    "tail": [
      1e-05,
      0.02226,
      1.177733
    ],
    "parent": "mixamorig:Spine2"
  },
  "mixamorig:Head": {
    "length": 25.09137,
    "head": [
      1e-05,
      0.021118,
      1.177725
    ],
    "tail": [
      1e-05,
      0.021118,
      1.428639
    ],
    "parent": "mixamorig:Neck"
  },
  "mixamorig:HeadTop_End": {
    "length": 25.09137,
    "head": [
      1e-05,
      0.01778,
      1.428617
    ],
    "tail": [
      1e-05,
      0.01778,
      1.67953
    ],
    "parent": "mixamorig:Head"
  },
  "mixamorig:LeftShoulder": {
    "length": 8.861007,
    "head": [
      0.042251,
      0.022392,
      1.081436
    ],
    "tail": [
      0.128355,
      0.022656,
      1.060514
    ],
    "parent": "mixamorig:Spine2"
  },
  "mixamorig:LeftArm": {
    "length": 18.975187,
    "head": [
      0.128355,
      0.022656,
      1.060514
    ],
    "tail": [
      0.318063,
      0.018696,
      1.059599
    ],
    "parent": "mixamorig:LeftShoulder"
  },
  "mixamorig:LeftForeArm": {
    "length": 19.89603,
    "head": [
      0.318063,
      0.018696,
      1.059599
    ],
    "tail": [
      0.516798,
      0.010236,
      1.063829
    ],
    "parent": "mixamorig:LeftArm"
  },
  "mixamorig:LeftHand": {
    "length": 6.24267,
    "head": [
      0.516798,
      0.010236,
      1.063829
    ],
    "tail": [
      0.579158,
      0.010441,
      1.06671
    ],
    "parent": "mixamorig:LeftForeArm"
  },
  "mixamorig:LeftHandThumb1": {
    "length": 2.581298,
    "head": [
      0.538814,
      -0.010589,
      1.05275
    ],
    "tail": [
      0.558533,
      -0.024703,
      1.043903
    ],
    "parent": "mixamorig:LeftHand"
  },
  "mixamorig:LeftHandThumb2": {
    "length": 2.728246,
    "head": [
      0.556427,
      -0.027249,
      1.043886
    ],
    "tail": [
      0.577467,
      -0.042336,
      1.035284
    ],
    "parent": "mixamorig:LeftHandThumb1"
  },
  "mixamorig:LeftHandThumb3": {
    "length": 2.251887,
    "head": [
      0.577912,
      -0.041709,
      1.035308
    ],
    "tail": [
      0.594776,
      -0.053737,
      1.026474
    ],
    "parent": "mixamorig:LeftHandThumb2"
  },
  "mixamorig:LeftHandThumb4": {
    "length": 2.251886,
    "head": [
      0.596161,
      -0.05162,
      1.026598
    ],
    "tail": [
      0.613024,
      -0.063648,
      1.017763
    ],
    "parent": "mixamorig:LeftHandThumb3"
  },
  "mixamorig:LeftHandIndex1": {
    "length": 2.844869,
    "head": [
      0.586245,
      -0.015397,
      1.066754
    ],
    "tail": [
      0.614617,
      -0.017347,
      1.066025
    ],
    "parent": "mixamorig:LeftHand"
  },
  "mixamorig:LeftHandIndex2": {
    "length": 2.665496,
    "head": [
      0.614618,
      -0.017337,
      1.066025
    ],
    "tail": [
      0.64121,
      -0.019167,
      1.06595
    ],
    "parent": "mixamorig:LeftHandIndex1"
  },
  "mixamorig:LeftHandIndex3": {
    "length": 2.297433,
    "head": [
      0.641209,
      -0.01918,
      1.06595
    ],
    "tail": [
      0.664126,
      -0.020756,
      1.065576
    ],
    "parent": "mixamorig:LeftHandIndex2"
  },
  "mixamorig:LeftHandIndex4": {
    "length": 2.297433,
    "head": [
      0.664126,
      -0.020753,
      1.065576
    ],
    "tail": [
      0.687044,
      -0.022329,
      1.065203
    ],
    "parent": "mixamorig:LeftHandIndex3"
  },
  "mixamorig:LeftHandMiddle1": {
    "length": 3.256804,
    "head": [
      0.584973,
      0.00231,
      1.068085
    ],
    "tail": [
      0.617499,
      0.002521,
      1.069714
    ],
    "parent": "mixamorig:LeftHand"
  },
  "mixamorig:LeftHandMiddle2": {
    "length": 3.177892,
    "head": [
      0.6175,
      0.002403,
      1.069714
    ],
    "tail": [
      0.649261,
      0.002607,
      1.068686
    ],
    "parent": "mixamorig:LeftHandMiddle1"
  },
  "mixamorig:LeftHandMiddle3": {
    "length": 2.69516,
    "head": [
      0.649261,
      0.0026,
      1.068686
    ],
    "tail": [
      0.675916,
      0.002767,
      1.064696
    ],
    "parent": "mixamorig:LeftHandMiddle2"
  },
  "mixamorig:LeftHandMiddle4": {
    "length": 2.69516,
    "head": [
      0.675914,
      0.002892,
      1.064696
    ],
    "tail": [
      0.702568,
      0.00306,
      1.060706
    ],
    "parent": "mixamorig:LeftHandMiddle3"
  },
  "mixamorig:LeftHandRing1": {
    "length": 2.958036,
    "head": [
      0.584473,
      0.019447,
      1.067181
    ],
    "tail": [
      0.613813,
      0.022189,
      1.069762
    ],
    "parent": "mixamorig:LeftHand"
  },
  "mixamorig:LeftHandRing2": {
    "length": 2.756927,
    "head": [
      0.613817,
      0.022149,
      1.069762
    ],
    "tail": [
      0.641253,
      0.024706,
      1.070636
    ],
    "parent": "mixamorig:LeftHandRing1"
  },
  "mixamorig:LeftHandRing3": {
    "length": 2.334584,
    "head": [
      0.641251,
      0.024731,
      1.070636
    ],
    "tail": [
      0.664479,
      0.026897,
      1.071532
    ],
    "parent": "mixamorig:LeftHandRing2"
  },
  "mixamorig:LeftHandRing4": {
    "length": 2.334584,
    "head": [
      0.664478,
      0.026912,
      1.071532
    ],
    "tail": [
      0.687705,
      0.029078,
      1.072427
    ],
    "parent": "mixamorig:LeftHandRing3"
  },
  "mixamorig:LeftHandPinky1": {
    "length": 2.623717,
    "head": [
      0.580597,
      0.035467,
      1.065888
    ],
    "tail": [
      0.60673,
      0.037654,
      1.06671
    ],
    "parent": "mixamorig:LeftHand"
  },
  "mixamorig:LeftHandPinky2": {
    "length": 2.132087,
    "head": [
      0.606727,
      0.037686,
      1.06671
    ],
    "tail": [
      0.627971,
      0.039462,
      1.067086
    ],
    "parent": "mixamorig:LeftHandPinky1"
  },
  "mixamorig:LeftHandPinky3": {
    "length": 1.793245,
    "head": [
      0.627967,
      0.0395,
      1.067086
    ],
    "tail": [
      0.645619,
      0.040987,
      1.069876
    ],
    "parent": "mixamorig:LeftHandPinky2"
  },
  "mixamorig:LeftHandPinky4": {
    "length": 1.793242,
    "head": [
      0.645625,
      0.040917,
      1.069877
    ],
    "tail": [
      0.663276,
      0.042403,
      1.072667
    ],
    "parent": "mixamorig:LeftHandPinky3"
  },
  "mixamorig:RightShoulder": {
    "length": 8.861009,
    "head": [
      -0.042231,
      0.022128,
      1.081436
    ],
    "tail": [
      -0.128335,
      0.021864,
      1.060514
    ],
    "parent": "mixamorig:Spine2"
  },
  "mixamorig:RightArm": {
    "length": 18.973572,
    "head": [
      -0.128335,
      0.021864,
      1.060514
    ],
    "tail": [
      -0.318044,
      0.018777,
      1.059599
    ],
    "parent": "mixamorig:RightShoulder"
  },
  "mixamorig:RightForeArm": {
    "length": 19.898344,
    "head": [
      -0.318044,
      0.018777,
      1.059599
    ],
    "tail": [
      -0.516779,
      0.00979,
      1.063829
    ],
    "parent": "mixamorig:RightArm"
  },
  "mixamorig:RightHand": {
    "length": 6.33295,
    "head": [
      -0.516779,
      0.00979,
      1.063829
    ],